Wall time,Step,Value
1654413527.8333251,10000,46.79999923706055
1654413659.470114,20000,50.0
1654413789.4440389,30000,46.29999923706055
1654413898.1938958,40000,17.5
1654414029.79229,50000,49.79999923706055
1654414159.3909419,60000,46.79999923706055
1654414290.467925,70000,48.70000076293945
1654414411.2991412,80000,34.599998474121094
1654414544.276774,90000,41.599998474121094
1654414676.169711,100000,48.70000076293945
