Wall time,Step,Value
1654413527.8334138,10000,33.378807067871094
1654413659.470199,20000,35.7359504699707
1654413789.444128,30000,33.021663665771484
1654413898.1939871,40000,13.420281410217285
1654414029.792379,50000,36.22141647338867
1654414159.391029,60000,33.79121398925781
1654414290.4680169,70000,35.41921615600586
1654414411.299228,80000,25.0457706451416
1654414544.2768588,90000,30.959129333496094
1654414676.169794,100000,35.506778717041016
