Wall time,Step,Value
1654408195.29984,10000,25.0
1654408328.004875,20000,46.400001525878906
1654408435.193239,30000,9.800000190734863
1654408557.641012,40000,34.29999923706055
1654408691.2737238,50000,50.0
1654408823.8487208,60000,46.70000076293945
1654408954.672232,70000,45.5
1654409093.841279,80000,29.299999237060547
1654409217.5434759,90000,30.299999237060547
1654409354.410662,100000,50.0
