Wall time,Step,Value
1654408195.299923,10000,18.734804153442383
1654408328.0049632,20000,33.35990905761719
1654408435.193336,30000,8.756644248962402
1654408557.6411011,40000,26.993064880371094
1654408691.27381,50000,37.9191780090332
1654408823.848806,60000,35.97534942626953
1654408954.672317,70000,35.204132080078125
1654409093.841368,80000,23.632719039916992
1654409217.54356,90000,23.68497657775879
1654409354.4107468,100000,37.10718536376953
