Wall time,Step,Value
1654398905.440525,10000,19.938526153564453
1654399033.901074,20000,31.44571304321289
1654399154.68082,30000,36.335044860839844
1654399286.388484,40000,36.70255661010742
1654399411.590724,50000,34.906856536865234
1654399529.757576,60000,37.21712112426758
1654399656.293822,70000,38.18321228027344
1654399784.188431,80000,36.73417663574219
1654399904.083489,90000,38.76288986206055
1654400030.740361,100000,37.134742736816406
