Wall time,Step,Value
1654398905.440431,10000,26.600000381469727
1654399033.900995,20000,43.0
1654399154.680736,30000,50.0
1654399286.388404,40000,50.0
1654399411.590642,50000,47.0
1654399529.757494,60000,50.0
1654399656.293738,70000,50.0
1654399784.1883311,80000,47.599998474121094
1654399904.0834079,90000,50.0
1654400030.740278,100000,50.0
